Symbol,Company,Sector,Industry,Price,PE,PB,ROE %,Debt/Equity,Profit Margin %,Revenue CAGR %,Net Income CAGR %,Margin Trend,Blended Fair Value,Est. Upside %,Valuation Models Used,Score,Rating,Valuation Pillar,Profitability Pillar,Stability Pillar,Growth Pillar,Upside Pillar,Strengths,PE Percentile (vs Sector),ROE Percentile (vs Sector),Score Rank (vs Sector)
NMDC,NMDC Limited,Basic Materials,Steel,84.89,10.022431,2.1870975,23.36,18.802,23.23,22.0,10.0,contracting,128.32,51.2,2,85,🟢 STRONG BUY,12,20,20,18,0,"Excellent ROE (23.4%), High net margin (23.2%), Very low debt, Strong liquidity position",8.823529411764707,80.0,1.0
NATIONALUM,National Aluminium Company Limited,Basic Materials,Aluminum,361.5,10.816876,3.0726993,29.42,0.277,32.49,5.8,21.3,expanding,517.33,43.1,2,85,🟢 STRONG BUY,12,20,20,18,6,"Excellent ROE (29.4%), High net margin (32.5%), Very low debt, Strong liquidity position",11.76470588235294,94.28571428571428,1.0
LUPIN,Lupin Limited,Healthcare,Drug Manufacturers - Specialty & Generic,2493.0,21.389961,5.074427,26.91,29.388,19.07,19.1,131.5,expanding,3089.42,23.9,2,83,🟢 STRONG BUY,5,20,20,25,0,"Excellent ROE (26.9%), High net margin (19.1%), Very low debt, Strong liquidity position",4.3478260869565215,91.30434782608695,1.0
PFC,Power Finance Corporation Limited,Financial Services,Credit Services,405.65,5.1694913,1.0075082,20.47,586.017,54.3,16.3,17.7,unknown,1320.26,225.5,1,80,🟢 STRONG BUY,15,20,10,20,15,"Trading near/below book value, Excellent ROE (20.5%), High net margin (54.3%), Leverage ratio not directly comparable (financial sector)",2.272727272727273,84.0909090909091,1.0
MUTHOOTFIN,Muthoot Finance Limited,Financial Services,Credit Services,3016.2,11.427597,3.0945764,30.41,379.707,55.21,38.0,43.1,unknown,3934.02,30.4,1,77,🟢 STRONG BUY,12,20,10,20,0,"Excellent ROE (30.4%), High net margin (55.2%), Leverage ratio not directly comparable (financial sector), Strong revenue CAGR (38.0%)",27.27272727272727,88.63636363636364,2.0
M&M,Mahindra & Mahindra Limited,Consumer Cyclical,Auto Manufacturers,3082.9,20.256914,3.700849,18.75,125.278,8.47,17.5,18.5,expanding,4681.68,51.9,1,76,🟢 STRONG BUY,14,13,6,25,0,"Attractive PEG ratio, Strong ROE (18.8%), Healthy net margin (8.5%), Strong revenue CAGR (17.5%)",11.11111111111111,67.74193548387096,1.0
COALINDIA,Coal India Limited,Energy,Thermal Coal,427.55,8.471369,2.2120757,28.12,11.629,18.46,9.7,-0.7,contracting,570.08,33.3,2,74,🟢 BUY,17,20,20,5,15,"Attractive PEG ratio, Excellent ROE (28.1%), High net margin (18.5%), Very low debt",57.14285714285714,85.71428571428571,1.0
WIPRO,Wipro Limited,Technology,Information Technology Services,174.65,13.905253,2.0666192,15.44,22.853,14.25,0.8,5.2,stable,294.95,68.9,2,73,🟢 BUY,17,13,20,8,6,"Attractive PEG ratio, Strong ROE (15.4%), Healthy net margin (14.2%), Very low debt",6.25,12.5,1.0
ESCORTS,Escorts Kubota Limited,Industrials,Farm & Heavy Construction Machinery,2918.9,23.50918,2.6393316,12.02,1.309,20.75,11.3,55.5,expanding,4122.01,41.2,2,73,🟢 BUY,9,13,11,22,0,"High net margin (20.7%), Strong liquidity position, Healthy revenue CAGR (11.3%), Strong profit CAGR (55.5%)",22.22222222222222,40.54054054054054,1.0
EMAMILTD,Emami Limited,Consumer Defensive,Household & Personal Products,411.35,23.161598,6.1411104,27.61,5.541,20.51,4.0,6.6,expanding,531.95,29.3,2,73,🟢 BUY,5,18,20,12,0,"Excellent ROE (27.6%), High net margin (20.5%), Very low debt, Strong liquidity position",13.333333333333334,66.66666666666666,1.0
CHAMBLFERT,Chambal Fertilisers and Chemicals Limited,Basic Materials,Agricultural Inputs,453.75,9.301969,1.7444744,20.45,10.274,9.39,-9.2,23.6,expanding,912.09,101.0,1,72,🟢 BUY,12,13,20,12,10,"Excellent ROE (20.5%), Healthy net margin (9.4%), Very low debt, Strong liquidity position",5.88235294117647,74.28571428571429,3.0
AUROPHARMA,Aurobindo Pharma Limited,Healthcare,Drug Manufacturers - Specialty & Generic,1550.2,25.665562,2.3764627,9.93,21.31,10.41,10.7,22.1,expanding,2134.55,37.7,2,72,🟢 BUY,9,6,17,22,0,"Healthy net margin (10.4%), Very low debt, Strong liquidity position, Healthy revenue CAGR (10.7%)",17.391304347826086,17.391304347826086,2.0
HUDCO,Housing and Urban Development Corporation Limited,Financial Services,Credit Services,204.92,10.174777,1.8662174,20.2,645.775,87.93,10.3,33.3,unknown,347.27,69.5,1,72,🟢 BUY,12,20,10,15,6,"Excellent ROE (20.2%), High net margin (87.9%), Leverage ratio not directly comparable (financial sector), Healthy revenue CAGR (10.3%)",22.727272727272727,81.81818181818183,3.0
MRF,MRF Limited,Consumer Cyclical,Auto Parts,131675.0,22.996826,2.6625288,12.29,15.288,7.79,10.6,46.7,expanding,206117.63,56.5,2,72,🟢 BUY,9,6,17,22,0,"Very low debt, Strong liquidity position, Healthy revenue CAGR (10.6%), Strong profit CAGR (46.7%)",14.814814814814813,54.83870967741935,2.0
INOXWIND,Inox Wind Limited,Industrials,Specialty Industrial Machinery,79.98,30.181131,1.8746485,6.75,20.631,9.21,81.9,,expanding,143.71,79.7,1,71,🟢 BUY,4,6,20,18,0,"Healthy net margin (9.2%), Very low debt, Strong liquidity position, Strong revenue CAGR (81.9%)",30.555555555555557,18.91891891891892,2.0
BEL,Bharat Electronics Limited,Industrials,Aerospace & Defense,410.95,49.631645,12.522473,27.56,0.273,21.96,16.6,26.6,expanding,210.81,-48.7,1,70,🟢 BUY,0,20,20,25,0,"Excellent ROE (27.6%), High net margin (22.0%), Very low debt, Strong liquidity position",63.888888888888886,91.8918918918919,3.0
VEDL,Vedanta Limited,Basic Materials,Other Industrial Metals & Mining,260.55,14.52341,2.0490577,20.4,48.044,22.62,-19.2,18.0,expanding,367.63,41.1,2,70,🟢 BUY,12,20,11,12,6,"Excellent ROE (20.4%), High net margin (22.6%), Manageable debt level, Declining revenue trend (-19.2%)",20.588235294117645,71.42857142857143,4.0
RECLTD,REC Limited,Financial Services,Credit Services,351.7,5.6890974,1.0997602,19.96,607.463,70.55,14.4,13.5,unknown,1043.52,196.7,1,70,🟢 BUY,15,18,10,12,15,"Trading near/below book value, Strong ROE (20.0%), High net margin (70.6%), Leverage ratio not directly comparable (financial sector)",6.8181818181818175,79.54545454545455,4.0
INFY,Infosys Limited,Technology,Information Technology Services,1076.3,14.251855,4.7004666,31.44,9.827,16.43,3.4,3.6,stable,1337.35,24.3,1,70,🟢 BUY,8,20,20,12,0,"Excellent ROE (31.4%), High net margin (16.4%), Very low debt, Strong liquidity position",12.5,75.0,2.0
LICHSGFIN,LIC Housing Finance Limited,Financial Services,Mortgage Finance,550.15,5.3989205,0.73055273,14.41,642.522,65.78,11.8,24.7,unknown,2007.9,265.0,1,70,🟢 BUY,15,15,10,15,15,"Trading near/below book value, High net margin (65.8%), Leverage ratio not directly comparable (financial sector), Healthy revenue CAGR (11.8%)",4.545454545454546,52.27272727272727,4.0
INDIAMART,IndiaMART InterMESH Limited,Communication Services,Internet Content & Information,1944.9,24.694006,4.8681893,20.7,0.962,30.25,16.8,18.7,expanding,1917.76,-1.4,2,70,🟢 BUY,5,20,11,25,6,"Excellent ROE (20.7%), High net margin (30.3%), Strong liquidity position, Strong revenue CAGR (16.8%)",42.857142857142854,100.0,1.0
BAJAJ-AUTO,Bajaj Auto Limited,Consumer Cyclical,Auto Manufacturers,10323.0,26.863924,7.430104,28.05,56.352,16.89,19.5,21.0,expanding,7749.66,-24.9,2,69,🟢 BUY,10,18,13,25,0,"Attractive PEG ratio, Excellent ROE (28.0%), High net margin (16.9%), Manageable debt level",22.22222222222222,87.09677419354838,3.0
PNCINFRA,PNC Infratech Limited,Industrials,Engineering & Construction,244.9,7.5539794,0.92299104,12.99,75.883,15.5,-10.2,8.1,expanding,1180.11,381.9,2,69,🟢 BUY,15,13,16,10,15,"Trading near/below book value, High net margin (15.5%), Manageable debt level, Strong liquidity position",2.7777777777777777,45.94594594594595,4.0
ACC,ACC Limited,Basic Materials,Building Materials,1383.2,12.192155,1.2639443,10.93,2.085,8.3,12.9,48.7,expanding,2765.47,99.9,1,68,🟢 BUY,15,8,8,22,10,"Trading near/below book value, Healthy net margin (8.3%), High leverage, Strong liquidity position",14.705882352941178,40.0,5.0
HAL,Hindustan Aeronautics Limited,Industrials,Aerospace & Defense,4420.5,32.41311,7.2036295,23.98,0.027,27.55,7.9,16.1,expanding,3459.3,-21.7,2,68,🟢 BUY,0,20,20,20,0,"Excellent ROE (24.0%), High net margin (27.5%), Very low debt, Strong liquidity position",38.88888888888889,83.78378378378379,5.0
ZENSARTECH,Zensar Technologies Limited,Technology,Information Technology Services,513.1,15.23456,2.464824,17.63,1.68,13.62,5.5,33.2,expanding,773.8,50.8,2,68,🟢 BUY,9,13,8,20,6,"Strong ROE (17.6%), Healthy net margin (13.6%), High leverage, Strong liquidity position",18.75,25.0,3.0
HEROMOTOCO,Hero MotoCorp Limited,Consumer Cyclical,Auto Manufacturers,4876.2,16.999722,4.514687,28.03,3.57,12.11,11.7,26.9,expanding,7601.5,55.9,2,68,🟢 BUY,5,15,8,22,6,"Excellent ROE (28.0%), Healthy net margin (12.1%), High leverage, Strong liquidity position",3.7037037037037033,83.87096774193549,4.0
SUZLON,Suzlon Energy Limited,Industrials,Specialty Industrial Machinery,52.42,22.69264,7.620293,40.64,5.873,18.97,41.8,3.6,expanding,43.17,-17.6,2,68,🟢 BUY,10,18,17,20,0,"Attractive PEG ratio, Excellent ROE (40.6%), High net margin (19.0%), Very low debt",19.444444444444446,100.0,5.0
MARUTI,Maruti Suzuki India Limited,Consumer Cyclical,Auto Manufacturers,13583.0,29.103102,3.9853098,14.43,0.096,8.01,16.6,21.1,stable,14348.26,5.6,2,68,🟢 BUY,14,8,15,22,0,"Attractive PEG ratio, Healthy net margin (8.0%), Very low debt, Strong revenue CAGR (16.6%)",29.629629629629626,61.29032258064516,4.0
HDFCBANK,HDFC Bank Limited,Financial Services,Banks - Regional,815.45,18.185772,2.1418517,13.82,,26.83,32.5,20.4,unknown,1151.82,41.2,2,67,🟢 BUY,14,15,0,20,15,"Attractive PEG ratio, High net margin (26.8%), Strong revenue CAGR (32.5%), Strong profit CAGR (20.4%)",36.36363636363637,47.72727272727273,6.0
FINPIPE,Finolex Industries Limited,Industrials,Building Products & Equipment,166.56,17.188854,1.6552546,9.73,7.171,14.56,-1.9,33.7,expanding,311.69,87.1,2,67,🟢 BUY,9,8,20,12,0,"Healthy net margin (14.6%), Very low debt, Strong liquidity position, Declining revenue trend (-1.9%)",13.88888888888889,32.432432432432435,7.0
TCS,Tata Consultancy Services Limited,Technology,Information Technology Services,2189.2,15.916824,7.385965,47.74,10.211,18.05,5.8,5.3,stable,2172.59,-0.8,2,66,🟢 BUY,5,20,20,12,0,"Excellent ROE (47.7%), High net margin (18.1%), Very low debt, Strong liquidity position",25.0,100.0,4.0
ALKEM,Alkem Laboratories Limited,Healthcare,Drug Manufacturers - Specialty & Generic,5659.0,29.368416,4.8975573,17.56,14.267,15.65,8.7,32.7,expanding,5005.76,-11.5,2,66,🟢 BUY,5,16,20,22,0,"Strong ROE (17.6%), High net margin (15.6%), Very low debt, Strong liquidity position",21.73913043478261,73.91304347826086,3.0
HCLTECH,HCL Technologies Limited,Technology,Information Technology Services,1168.0,18.167677,4.178889,24.07,7.058,12.97,8.7,3.9,contracting,1304.51,11.7,2,65,🟢 BUY,5,15,20,12,0,"Excellent ROE (24.1%), Healthy net margin (13.0%), Very low debt, Strong liquidity position",31.25,62.5,5.0
AXISBANK,Axis Bank Limited,Financial Services,Banks - Regional,1312.3,15.537534,1.8968287,13.15,,35.39,12.2,34.6,unknown,1748.21,33.2,1,65,🟢 BUY,14,15,0,18,0,"Attractive PEG ratio, High net margin (35.4%), Healthy revenue CAGR (12.2%), Strong profit CAGR (34.6%)",31.818181818181817,43.18181818181818,7.0
DRREDDY,Dr. Reddy's Laboratories Limited,Healthcare,Drug Manufacturers - Specialty & Generic,1229.5,23.887701,2.715183,11.83,20.328,12.76,11.0,-1.7,contracting,1560.51,26.9,2,65,🟢 BUY,9,8,20,10,0,"Healthy net margin (12.8%), Very low debt, Strong liquidity position, Healthy revenue CAGR (11.0%)",8.695652173913043,34.78260869565217,4.0
KPITTECH,KPIT Technologies Limited,Technology,Software - Infrastructure,551.6,23.694157,4.240728,19.73,23.624,9.87,24.3,18.7,stable,685.7,24.3,2,65,🟢 BUY,5,13,15,22,10,"Strong ROE (19.7%), Healthy net margin (9.9%), Very low debt, Strong revenue CAGR (24.3%)",37.5,50.0,5.0
KNRCON,KNR Constructions Limited,Industrials,Engineering & Construction,123.82,7.967825,0.699718,9.19,49.162,16.2,-10.6,-1.5,expanding,672.74,443.3,1,65,🟢 BUY,15,11,16,8,15,"Trading near/below book value, High net margin (16.2%), Manageable debt level, Strong liquidity position",5.555555555555555,27.027027027027028,8.0
SBIN,State Bank of India,Financial Services,Banks - Regional,1030.1,11.297433,1.595029,15.48,,22.11,12.2,14.4,unknown,1761.62,71.0,1,65,🟢 BUY,17,18,0,15,10,"Attractive PEG ratio, Strong ROE (15.5%), High net margin (22.1%), Healthy revenue CAGR (12.2%)",25.0,56.81818181818182,7.0
ICICIBANK,ICICI Bank Limited,Financial Services,Banks - Regional,1416.2,18.945818,2.793371,16.36,,24.93,19.7,16.8,unknown,1696.35,19.8,2,65,🟢 BUY,14,18,0,20,10,"Attractive PEG ratio, Strong ROE (16.4%), High net margin (24.9%), Strong revenue CAGR (19.7%)",40.909090909090914,68.18181818181817,7.0
BPCL,Bharat Petroleum Corporation Limited,Energy,Oil & Gas Refining & Marketing,309.6,5.1182013,1.3209713,28.47,54.332,5.68,-0.8,129.7,expanding,584.57,88.8,2,64,🟢 BUY,20,9,8,12,15,"Trading near/below book value, Attractive PEG ratio, Excellent ROE (28.5%), Manageable debt level",28.57142857142857,100.0,2.0
SHRIRAMFIN,Shriram Finance Limited,Financial Services,Credit Services,1033.8,19.42138,2.9508564,16.38,276.215,48.34,13.9,18.6,unknown,994.79,-3.8,1,64,🟢 BUY,9,18,10,18,0,"Strong ROE (16.4%), High net margin (48.3%), Leverage ratio not directly comparable (financial sector), Healthy revenue CAGR (13.9%)",43.18181818181818,70.45454545454545,10.0
PNB,Punjab National Bank,Financial Services,Banks - Regional,105.71,6.606875,0.8100942,12.98,,31.22,10.0,76.4,unknown,346.44,227.7,2,63,🟢 BUY,15,15,0,18,15,"Trading near/below book value, High net margin (31.2%), Healthy revenue CAGR (10.0%), Strong profit CAGR (76.4%)",13.636363636363635,40.909090909090914,11.0
SUNPHARMA,Sun Pharmaceutical Industries Limited,Healthcare,Drug Manufacturers - Specialty & Generic,1951.5,40.834904,5.602848,14.72,5.517,19.64,10.4,10.6,expanding,1421.37,-27.2,2,63,🟢 BUY,5,13,20,20,0,"Attractive PEG ratio, High net margin (19.6%), Very low debt, Strong liquidity position",47.82608695652174,56.52173913043478,5.0
JUSTDIAL,Just Dial Limited,Communication Services,Internet Content & Information,804.05,13.586515,1.3390857,0.0,1.655,40.5,12.8,45.1,expanding,1324.99,64.8,2,63,🟢 BUY,15,11,0,22,15,"Trading near/below book value, High net margin (40.5%), High leverage, Healthy revenue CAGR (12.8%)",28.57142857142857,14.285714285714285,2.0
RAJESHEXPO,Rajesh Exports Limited,Consumer Cyclical,Luxury Goods,87.83,23.052494,0.15032563,0.68,5.833,0.01,31.9,-57.2,stable,1232.48,1303.3,2,62,🟢 BUY,17,0,15,12,15,"Trading near/below book value, Attractive PEG ratio, Very low debt, Strong revenue CAGR (31.9%)",18.51851851851852,22.58064516129032,6.0
LALPATHLAB,Dr. Lal PathLabs Limited,Healthcare,Diagnostics & Research,1723.3,57.10073,11.472758,21.47,7.83,18.27,11.1,28.3,expanding,791.93,-54.0,2,62,🟢 BUY,0,20,20,22,0,"Excellent ROE (21.5%), High net margin (18.3%), Very low debt, Strong liquidity position",65.21739130434783,82.6086956521739,6.0
IIFL,IIFL Finance Limited,Financial Services,Credit Services,543.6,14.02115,1.6608362,12.29,447.421,20.34,13.6,3.4,unknown,814.47,49.8,1,62,🟢 BUY,12,15,10,10,6,"High net margin (20.3%), Leverage ratio not directly comparable (financial sector), Healthy revenue CAGR (13.6%)",29.545454545454547,31.818181818181817,12.0
WHIRLPOOL,Whirlpool of India Limited,Consumer Cyclical,"Furnishings, Fixtures & Appliances",777.05,33.5369,2.369987,7.25,8.621,3.66,6.4,10.3,stable,987.36,27.1,2,62,🟢 BUY,4,0,20,15,0,"Very low debt, Strong liquidity position, Consistent YoY growth, Appears overvalued vs blended intrinsic estimate (~-59%)",37.03703703703704,38.70967741935484,6.0
ITC,ITC Limited,Consumer Defensive,Tobacco,276.65,16.75651,4.7806253,29.34,3.293,26.23,3.6,2.5,stable,470.28,70.0,2,61,🟢 BUY,5,20,8,10,0,"Excellent ROE (29.3%), High net margin (26.2%), High leverage, Strong liquidity position",6.666666666666667,73.33333333333333,2.0
IPCALAB,Ipca Laboratories Limited,Healthcare,Drug Manufacturers - Specialty & Generic,1878.0,41.816967,5.908578,13.22,8.492,11.83,15.5,34.3,expanding,1240.58,-33.9,2,60,🟢 BUY,0,10,20,25,0,"Healthy net margin (11.8%), Very low debt, Strong liquidity position, Strong revenue CAGR (15.5%)",52.17391304347826,43.47826086956522,7.0
APOLLOTYRE,Apollo Tyres Limited,Consumer Cyclical,Auto Parts,427.0,19.7411,1.6159736,8.72,21.987,4.82,5.4,9.5,expanding,919.94,115.4,2,60,🟢 BUY,9,0,15,18,6,"Very low debt, Consistent YoY growth, Margins expanding",7.4074074074074066,41.935483870967744,8.0
NLCINDIA,NLC India Limited,Utilities,Utilities - Regulated Electric,302.3,11.896891,1.9472822,15.97,82.0,20.14,2.7,36.1,contracting,511.38,69.2,1,60,🟢 BUY,12,18,3,12,6,"Strong ROE (16.0%), High net margin (20.1%), Strong profit CAGR (36.1%)",16.666666666666664,83.33333333333334,1.0
BANKBARODA,Bank of Baroda Limited,Financial Services,Banks - Regional,248.15,6.4672923,0.77366996,12.74,,31.18,10.3,10.0,unknown,862.48,247.6,2,60,🟢 BUY,15,15,0,15,15,"Trading near/below book value, High net margin (31.2%), Healthy revenue CAGR (10.3%), Consistent YoY growth",11.363636363636363,36.36363636363637,13.0
GICRE,General Insurance Corporation of India,Financial Services,Insurance - Reinsurance,367.0,6.6642456,0.6993034,10.69,,18.27,3.7,11.8,expanding,1230.04,235.2,1,60,🟢 BUY,15,15,0,15,15,"Trading near/below book value, High net margin (18.3%), Margins expanding, Significant estimated undervaluation (~120%)",15.909090909090908,22.727272727272727,13.0
ADANIPORTS,Adani Ports and Special Economic Zone Limited,Industrials,Marine Shipping,1829.1,31.373928,4.3916492,15.59,64.051,33.06,22.9,34.1,stable,1547.16,-15.4,2,59,🟡 HOLD,0,18,11,22,0,"Strong ROE (15.6%), High net margin (33.1%), Manageable debt level, Strong revenue CAGR (22.9%)",33.33333333333333,62.16216216216216,9.0
HINDALCO,Hindalco Industries Limited,Basic Materials,Aluminum,955.8,15.874439,1.553429,10.29,72.598,4.87,7.1,9.9,expanding,1511.67,58.2,1,59,🟡 HOLD,9,6,11,15,6,"Manageable debt level, Margins expanding",23.52941176470588,34.285714285714285,6.0
IOC,Indian Oil Corporation Limited,Energy,Oil & Gas Refining & Marketing,140.24,4.5860043,0.8796779,20.97,58.446,5.37,-1.8,62.6,expanding,301.53,115.0,2,59,🟡 HOLD,15,9,8,12,15,"Trading near/below book value, Excellent ROE (21.0%), Manageable debt level, Declining revenue trend (-1.8%)",14.285714285714285,71.42857142857143,3.0
DABUR,Dabur India Limited,Consumer Defensive,Household & Personal Products,431.3,40.535713,6.6989727,16.24,10.907,14.36,4.5,3.5,stable,397.27,-7.9,2,59,🟡 HOLD,0,13,20,12,0,"Strong ROE (16.2%), Healthy net margin (14.4%), Very low debt, Strong liquidity position",20.0,46.666666666666664,3.0
CUMMINSIND,Cummins India Limited,Industrials,Specialty Industrial Machinery,5549.5,65.173225,18.150925,29.45,0.431,19.45,16.1,24.4,expanding,1925.98,-65.3,2,59,🟡 HOLD,0,18,16,25,0,"Excellent ROE (29.5%), High net margin (19.4%), Manageable debt level, Strong liquidity position",75.0,97.2972972972973,9.0
SUNTV,Sun TV Network Limited,Communication Services,Broadcasting,495.35,13.556376,1.5407177,11.85,0.837,33.21,4.7,-5.5,contracting,776.4,56.7,1,58,🟡 HOLD,12,15,11,5,6,"High net margin (33.2%), Strong liquidity position, Profit growth declining/negative",14.285714285714285,71.42857142857143,3.0
DIVISLAB,Divi's Laboratories Limited,Healthcare,Drug Manufacturers - Specialty & Generic,7273.0,74.94847,11.511026,16.19,0.042,24.32,11.0,12.1,expanding,3100.64,-57.4,1,58,🟡 HOLD,0,18,20,20,0,"Strong ROE (16.2%), High net margin (24.3%), Very low debt, Strong liquidity position",86.95652173913044,60.86956521739131,8.0
NAVINFLUOR,Navin Fluorine International Limited,Basic Materials,Chemicals,7618.0,58.38443,9.822225,20.11,31.997,20.02,17.1,20.9,expanding,2411.59,-68.3,2,58,🟡 HOLD,0,20,16,22,0,"Excellent ROE (20.1%), High net margin (20.0%), Manageable debt level, Strong liquidity position",88.23529411764706,68.57142857142857,7.0
JSWSTEEL,JSW Steel Limited,Basic Materials,Steel,1226.9,13.451376,2.9930668,27.26,95.374,12.03,3.6,75.3,expanding,1304.22,6.3,2,57,🟡 HOLD,12,15,6,18,0,"Excellent ROE (27.3%), Healthy net margin (12.0%), Strong profit CAGR (75.3%), Margins expanding",17.647058823529413,91.42857142857143,8.0
HINDZINC,Hindustan Zinc Limited,Basic Materials,Other Industrial Metals & Mining,527.75,16.124352,9.854172,76.94,39.034,35.12,5.6,9.6,expanding,439.33,-16.8,2,57,🟡 HOLD,5,20,14,15,0,"Excellent ROE (76.9%), High net margin (35.1%), Manageable debt level, Margins expanding",26.47058823529412,100.0,8.0
IEX,Indian Energy Exchange Limited,Financial Services,Capital Markets,118.89,21.460289,7.7976,39.42,0.818,65.99,15.4,17.2,stable,89.32,-24.9,2,57,🟡 HOLD,5,20,10,22,0,"Excellent ROE (39.4%), High net margin (66.0%), Leverage ratio not directly comparable (financial sector), Strong revenue CAGR (15.4%)",50.0,97.72727272727273,15.0
DLF,DLF Limited,Real Estate,Real Estate - Development,657.75,36.828106,3.5804105,10.03,0.673,53.88,11.3,29.4,contracting,532.49,-19.0,2,57,🟡 HOLD,9,15,13,15,0,"Attractive PEG ratio, High net margin (53.9%), Manageable debt level, Strong liquidity position",100.0,100.0,1.0
IRFC,Indian Railway Finance Corporation Limited,Financial Services,Credit Services,88.87,16.580223,2.0447278,12.81,773.347,97.23,4.9,4.4,contracting,110.4,24.2,1,57,🟡 HOLD,9,15,10,10,0,"High net margin (97.2%), Leverage ratio not directly comparable (financial sector), Consistent YoY growth, Appears overvalued vs blended intrinsic estimate (~-18%)",34.090909090909086,38.63636363636363,15.0
PERSISTENT,Persistent Systems Limited,Technology,Information Technology Services,5075.8,42.653778,10.131519,26.35,6.092,12.65,20.9,26.5,stable,2545.32,-49.9,2,57,🟡 HOLD,0,15,20,22,0,"Excellent ROE (26.3%), Healthy net margin (12.6%), Very low debt, Strong liquidity position",87.5,68.75,7.0
GNFC,Gujarat Narmada Valley Fertilizers & Chemicals Limited,Basic Materials,Chemicals,498.55,9.069492,0.8039884,9.14,0.066,10.39,-8.7,-18.1,contracting,1136.66,128.0,2,56,🟡 HOLD,15,6,20,0,6,"Trading near/below book value, Healthy net margin (10.4%), Very low debt, Strong liquidity position",2.941176470588235,28.57142857142857,10.0
OFSS,Oracle Financial Services Software Limited,Technology,Software - Infrastructure,11625.0,38.84063,12.927655,32.61,0.415,34.4,10.4,13.5,expanding,5556.89,-52.2,2,56,🟡 HOLD,0,20,16,20,0,"Excellent ROE (32.6%), High net margin (34.4%), Manageable debt level, Strong liquidity position",75.0,81.25,8.0
GLAXO,GlaxoSmithKline Pharmaceuticals Limited,Healthcare,Drug Manufacturers - General,2483.7,40.656406,18.55654,49.11,1.467,27.11,5.7,19.3,expanding,1201.13,-51.6,2,56,🟡 HOLD,0,20,11,20,0,"Excellent ROE (49.1%), High net margin (27.1%), Strong liquidity position, Strong profit CAGR (19.3%)",43.47826086956522,100.0,9.0
CANBK,Canara Bank,Financial Services,Banks - Regional,126.47,5.8200645,0.9746154,15.94,,37.04,5.0,20.5,unknown,320.46,153.4,2,56,🟡 HOLD,15,14,0,12,15,"Trading near/below book value, Strong ROE (15.9%), High net margin (37.0%), Strong profit CAGR (20.5%)",9.090909090909092,65.9090909090909,17.0
UNIONBANK,Union Bank of India,Financial Services,Banks - Regional,172.38,6.773281,0.9860654,15.71,,39.67,7.6,31.7,unknown,484.86,181.3,1,56,🟡 HOLD,15,14,0,12,15,"Trading near/below book value, Strong ROE (15.7%), High net margin (39.7%), Strong profit CAGR (31.7%)",18.181818181818183,63.63636363636363,17.0
GRINFRA,G R Infraprojects Limited,Industrials,Engineering & Construction,899.0,9.634552,0.9273969,10.09,51.877,10.75,-2.9,-14.7,contracting,3820.84,325.0,1,56,🟡 HOLD,15,10,16,0,15,"Trading near/below book value, Healthy net margin (10.7%), Manageable debt level, Strong liquidity position",8.333333333333332,35.13513513513514,11.0
KAJARIACER,Kajaria Ceramics Limited,Industrials,Building Products & Equipment,1237.0,40.39843,6.4260745,16.5,7.302,10.05,3.4,12.1,expanding,845.95,-31.6,2,56,🟡 HOLD,0,13,20,18,0,"Strong ROE (16.5%), Healthy net margin (10.0%), Very low debt, Strong liquidity position",50.0,70.27027027027027,11.0
KOTAKBANK,Kotak Mahindra Bank Limited,Financial Services,Banks - Regional,378.4,19.515215,2.076827,11.39,,28.55,13.5,8.9,unknown,537.04,41.9,2,55,🟡 HOLD,14,11,0,12,15,"Attractive PEG ratio, High net margin (28.6%), Healthy revenue CAGR (13.5%), Significant estimated undervaluation (~51%)",45.45454545454545,27.27272727272727,19.0
NTPC,NTPC Limited,Utilities,Utilities - Regulated Electric,344.35,11.316135,1.644115,13.69,118.127,14.44,2.5,16.9,stable,641.99,86.4,1,55,🟡 HOLD,12,10,3,15,6,"Healthy net margin (14.4%), Strong profit CAGR (16.9%)",8.333333333333332,75.0,2.0
FEDERALBNK,The Federal Bank Limited,Financial Services,Banks - Regional,327.55,18.727844,2.0163746,11.73,,29.91,17.1,11.1,unknown,386.32,17.9,2,55,🟡 HOLD,9,15,0,18,6,"High net margin (29.9%), Strong revenue CAGR (17.1%), Consistent YoY growth",38.63636363636363,29.545454545454547,19.0
MARICO,Marico Limited,Consumer Defensive,Household & Personal Products,844.45,62.229183,25.798914,41.39,12.394,12.95,11.8,10.6,stable,374.64,-55.6,2,55,🟡 HOLD,5,15,15,15,0,"Attractive PEG ratio, Excellent ROE (41.4%), Healthy net margin (12.9%), Very low debt",66.66666666666666,80.0,4.0
ABBOTINDIA,Abbott India Limited,Healthcare,Drug Manufacturers - Specialty & Generic,27640.0,37.785374,12.30257,34.46,3.602,22.4,9.0,17.8,expanding,15801.05,-42.8,2,55,🟡 HOLD,0,20,8,22,0,"Excellent ROE (34.5%), High net margin (22.4%), High leverage, Strong liquidity position",34.78260869565217,95.65217391304348,10.0
COFORGE,Coforge Limited,Technology,Information Technology Services,1533.2,34.932785,5.3992944,18.6,7.518,9.48,27.0,30.9,stable,999.49,-34.8,2,55,🟡 HOLD,0,13,20,22,0,"Strong ROE (18.6%), Healthy net margin (9.5%), Very low debt, Strong liquidity position",68.75,37.5,9.0
EICHERMOT,Eicher Motors Limited,Consumer Cyclical,Auto Manufacturers,7404.5,36.85481,8.092084,23.77,2.048,23.56,17.5,23.7,stable,5132.39,-30.7,2,55,🟡 HOLD,0,20,8,22,0,"Excellent ROE (23.8%), High net margin (23.6%), High leverage, Strong liquidity position",40.74074074074074,74.19354838709677,9.0
POWERGRID,Power Grid Corporation of India Limited,Utilities,Utilities - Regulated Electric,280.7,13.951292,2.596886,16.49,150.993,34.08,2.0,1.1,contracting,385.98,37.5,1,55,🟡 HOLD,12,18,0,10,0,"Strong ROE (16.5%), High net margin (34.1%), High leverage, Consistent YoY growth",25.0,91.66666666666666,2.0
WELCORP,Welspun Corp Limited,Basic Materials,Steel,1680.1,27.416775,5.417301,18.92,25.042,9.62,19.5,98.4,expanding,1032.82,-38.5,2,55,🟡 HOLD,5,13,15,22,0,"Strong ROE (18.9%), Healthy net margin (9.6%), Very low debt, Strong revenue CAGR (19.5%)",50.0,65.71428571428571,11.0
MCX,Multi Commodity Exchange of India Limited,Financial Services,Financial Data & Stock Exchanges,2892.6,55.27613,17.494753,37.88,0.113,54.82,72.6,107.5,expanding,1417.79,-51.0,2,55,🟡 HOLD,0,20,10,25,0,"Excellent ROE (37.9%), High net margin (54.8%), Leverage ratio not directly comparable (financial sector), Strong revenue CAGR (72.6%)",81.81818181818183,95.45454545454545,19.0
HDFCAMC,HDFC Asset Management Company Limited,Financial Services,Asset Management,2729.2,41.0406,12.669027,32.93,2.364,61.84,23.9,26.2,expanding,1177.76,-56.8,2,55,🟡 HOLD,0,20,10,25,0,"Excellent ROE (32.9%), High net margin (61.8%), Leverage ratio not directly comparable (financial sector), Strong revenue CAGR (23.9%)",75.0,90.9090909090909,19.0
BSE,BSE Limited,Financial Services,Financial Data & Stock Exchanges,3754.4,62.262024,19.392963,36.0,0.0,48.73,81.0,124.5,expanding,1141.05,-69.6,2,55,🟡 HOLD,0,20,10,25,0,"Excellent ROE (36.0%), High net margin (48.7%), Leverage ratio not directly comparable (financial sector), Strong revenue CAGR (81.0%)",84.0909090909091,93.18181818181817,19.0
RAYMOND,Raymond Limited,Industrials,Specialty Industrial Machinery,609.3,119.94094,1.4258101,1.47,34.127,240.39,-36.0,116.1,contracting,1045.05,71.5,1,55,🟡 HOLD,7,7,16,10,0,"Trading near/below book value, High net margin (240.4%), Manageable debt level, Strong liquidity position",97.22222222222221,10.81081081081081,13.0
LICI,Life Insurance Corporation of India,Financial Services,Insurance - Life,439.75,9.6839905,3.522114,42.36,,6.56,7.3,16.9,stable,616.9,40.3,1,54,🟡 HOLD,12,9,0,18,0,"Excellent ROE (42.4%), Strong profit CAGR (16.9%), Consistent YoY growth, Appears overvalued vs blended intrinsic estimate (~-19%)",20.454545454545457,100.0,24.0
MAZDOCK,Mazagon Dock Shipbuilders Limited,Industrials,Aerospace & Defense,2369.4,37.05082,9.7978325,28.77,4.481,19.86,19.7,32.2,expanding,1598.99,-32.5,1,54,🟡 HOLD,0,18,6,25,0,"Excellent ROE (28.8%), High net margin (19.9%), High leverage, Strong revenue CAGR (19.7%)",44.44444444444444,94.5945945945946,14.0
NESTLEIND,Nestlé India Limited,Consumer Defensive,Packaged Foods,1424.4,78.60927,53.262535,76.34,8.621,15.14,17.0,23.1,stable,469.08,-67.1,1,54,🟡 HOLD,0,20,12,22,0,"Excellent ROE (76.3%), High net margin (15.1%), Very low debt, Strong revenue CAGR (17.0%)",80.0,93.33333333333333,5.0
HINDCOPPER,Hindustan Copper Limited,Basic Materials,Copper,491.15,51.75448,14.223864,30.6,3.319,29.84,22.7,45.9,expanding,192.44,-60.8,2,53,🟡 HOLD,0,20,8,25,0,"Excellent ROE (30.6%), High net margin (29.8%), High leverage, Strong liquidity position",82.35294117647058,97.14285714285714,12.0
NCC,NCC Limited,Industrials,Engineering & Construction,142.3,13.224907,1.1358557,9.32,43.056,3.24,10.6,3.5,stable,472.26,231.9,1,53,🟡 HOLD,15,0,11,12,10,"Trading near/below book value, Manageable debt level, Healthy revenue CAGR (10.6%), Modest estimated undervaluation (~22%)",11.11111111111111,29.72972972972973,15.0
TATAELXSI,Tata Elxsi Limited,Technology,Software - Application,3520.4,33.52762,7.2109346,21.3,5.336,16.62,6.1,-5.9,contracting,2162.45,-38.6,2,53,🟡 HOLD,0,20,20,8,0,"Excellent ROE (21.3%), High net margin (16.6%), Very low debt, Strong liquidity position",62.5,56.25,10.0
CAMS,Computer Age Management Services Limited,Technology,Information Technology Services,764.8,39.916492,14.358128,38.69,4.863,31.39,16.0,18.6,expanding,362.41,-52.6,2,53,🟡 HOLD,0,20,8,25,0,"Excellent ROE (38.7%), High net margin (31.4%), High leverage, Strong liquidity position",81.25,93.75,10.0
SAIL,Steel Authority of India Limited,Basic Materials,Steel,164.64,20.151775,1.1276635,5.66,52.899,3.04,2.2,15.7,stable,278.66,69.3,2,53,🟡 HOLD,12,0,8,15,15,"Trading near/below book value, Manageable debt level, Strong profit CAGR (15.7%), Significant estimated undervaluation (~31%)",32.35294117647059,14.285714285714285,12.0
CHOLAFIN,Cholamandalam Investment and Finance Company Limited,Financial Services,Credit Services,1803.9,29.175158,5.040714,19.33,695.283,39.72,32.8,25.2,unknown,1092.93,-39.4,1,53,🟡 HOLD,5,18,10,20,0,"Strong ROE (19.3%), High net margin (39.7%), Leverage ratio not directly comparable (financial sector), Strong revenue CAGR (32.8%)",54.54545454545454,77.27272727272727,25.0
AMBUJACEM,Ambuja Cements Limited,Basic Materials,Building Materials,435.25,22.859768,1.8128241,8.3,1.205,11.63,8.9,34.6,stable,535.33,23.0,1,52,🟡 HOLD,9,4,6,20,0,"Healthy net margin (11.6%), Healthy revenue CAGR (8.9%), Strong profit CAGR (34.6%), Consistent YoY growth",38.23529411764706,25.71428571428571,14.0
GAIL,GAIL (India) Limited,Utilities,Utilities - Regulated Gas,173.15,15.017345,1.2773979,8.69,27.809,5.36,-0.9,10.5,expanding,311.12,79.7,1,52,🟡 HOLD,12,0,12,10,6,"Trading near/below book value, Very low debt, Declining revenue trend (-0.9%), Margins expanding",33.33333333333333,25.0,4.0
PFIZER,Pfizer Limited,Healthcare,Drug Manufacturers - General,4704.5,29.750837,5.1206,17.16,1.671,28.67,1.3,5.0,expanding,4431.58,-5.8,2,52,🟡 HOLD,5,18,8,12,0,"Strong ROE (17.2%), High net margin (28.7%), High leverage, Strong liquidity position",26.08695652173913,69.56521739130434,11.0
SONACOMS,Sona BLW Precision Forgings Limited,Consumer Cyclical,Auto Parts,669.2,65.16066,6.9554734,10.69,7.213,14.39,18.8,17.4,stable,338.54,-49.4,2,52,🟡 HOLD,0,10,20,22,0,"Healthy net margin (14.4%), Very low debt, Strong liquidity position, Strong revenue CAGR (18.8%)",74.07407407407408,48.38709677419355,10.0
MOTHERSON,Samvardhana Motherson International Limited,Consumer Cyclical,Auto Parts,142.11,38.72207,3.6562212,10.11,43.908,3.08,17.1,37.2,stable,150.96,6.2,2,52,🟡 HOLD,4,4,11,22,0,"Manageable debt level, Strong revenue CAGR (17.1%), Strong profit CAGR (37.2%), Consistent YoY growth",44.44444444444444,45.16129032258064,10.0
BOSCHLTD,Bosch Limited,Consumer Cyclical,Auto Parts,41445.0,44.037018,8.234069,19.35,0.8,14.0,10.3,24.8,expanding,25035.47,-39.6,2,51,🟡 HOLD,0,13,11,22,0,"Strong ROE (19.4%), Healthy net margin (14.0%), Strong liquidity position, Healthy revenue CAGR (10.3%)",55.55555555555556,70.96774193548387,12.0
IRCTC,Indian Railway Catering & Tourism Corporation Limited,Consumer Cyclical,Travel Services,503.3,28.858944,9.345118,34.96,1.874,26.72,13.8,11.5,contracting,407.6,-19.0,2,51,🟡 HOLD,5,20,8,15,0,"Excellent ROE (35.0%), High net margin (26.7%), High leverage, Strong liquidity position",25.925925925925924,93.54838709677419,12.0
TRENT,Trent Limited,Consumer Cyclical,Apparel Retail,2867.7,89.25303,21.892843,27.13,36.034,8.57,34.8,57.0,expanding,761.25,-73.5,2,51,🟡 HOLD,0,15,11,25,0,"Excellent ROE (27.1%), Healthy net margin (8.6%), Manageable debt level, Strong revenue CAGR (34.8%)",85.18518518518519,80.64516129032258,12.0
CIPLA,Cipla Limited,Healthcare,Drug Manufacturers - Specialty & Generic,1438.0,29.939621,3.3735833,11.74,1.778,13.94,7.2,11.5,stable,1432.6,-0.4,2,51,🟡 HOLD,9,10,8,15,0,"Healthy net margin (13.9%), High leverage, Strong liquidity position, Consistent YoY growth",30.434782608695656,30.434782608695656,12.0
ASHOKLEY,Ashok Leyland Limited,Industrials,Farm & Heavy Construction Machinery,156.52,26.483927,5.935308,21.64,344.737,6.16,10.6,41.0,expanding,157.82,0.8,1,50,🟡 HOLD,5,11,3,22,0,"Excellent ROE (21.6%), High leverage, Healthy revenue CAGR (10.6%), Strong profit CAGR (41.0%)",25.0,81.08108108108108,16.0
CDSL,Central Depository Services (India) Limited,Financial Services,Capital Markets,1440.1,66.76402,15.357954,23.91,0.11,36.92,27.3,18.2,contracting,382.18,-73.5,2,50,🟡 HOLD,0,20,10,20,0,"Excellent ROE (23.9%), High net margin (36.9%), Leverage ratio not directly comparable (financial sector), Strong revenue CAGR (27.3%)",90.9090909090909,86.36363636363636,26.0
COCHINSHIP,Cochin Shipyard Limited,Industrials,Aerospace & Defense,1411.2,51.768158,6.3214192,12.52,28.466,14.27,29.4,33.0,expanding,974.32,-31.0,1,50,🟡 HOLD,0,10,15,25,0,"Healthy net margin (14.3%), Very low debt, Strong revenue CAGR (29.4%), Strong profit CAGR (33.0%)",66.66666666666666,43.24324324324324,16.0
LT,Larsen & Toubro Limited,Industrials,Engineering & Construction,3783.9,32.341026,4.762798,16.95,97.64,5.51,16.1,15.4,stable,3280.72,-13.3,2,50,🟡 HOLD,5,9,6,22,0,"Attractive PEG ratio, Strong ROE (17.0%), Strong revenue CAGR (16.1%), Strong profit CAGR (15.4%)",36.11111111111111,72.97297297297297,16.0
ULTRACEMCO,UltraTech Cement Limited,Basic Materials,Building Materials,11812.0,42.634907,4.823412,10.59,29.432,9.23,12.4,17.3,expanding,5697.89,-51.8,2,49,🟡 HOLD,5,10,12,22,0,"Attractive PEG ratio, Healthy net margin (9.2%), Very low debt, Healthy revenue CAGR (12.4%)",73.52941176470588,37.142857142857146,15.0
ONGC,Oil and Natural Gas Corporation Limited,Energy,Oil & Gas Integrated,247.18,7.506225,0.8364805,12.7,42.548,6.25,1.7,4.1,expanding,459.56,85.9,2,49,🟡 HOLD,15,4,8,10,15,"Trading near/below book value, Manageable debt level, Margins expanding, Significant estimated undervaluation (~100%)",42.857142857142854,28.57142857142857,4.0
IRB,IRB Infrastructure Developers Limited,Industrials,Infrastructure Operations,20.09,28.7,1.1364409,4.17,95.6,13.43,0.0,5.7,contracting,52.59,161.8,1,49,🟡 HOLD,12,8,6,5,0,"Trading near/below book value, Healthy net margin (13.4%), Appears overvalued vs blended intrinsic estimate (~-17%)",27.77777777777778,13.513513513513514,19.0
NBCC,NBCC (India) Limited,Industrials,Engineering & Construction,97.82,36.636703,8.792809,25.23,0.008,5.46,13.7,39.2,stable,66.27,-32.3,2,49,🟡 HOLD,0,9,15,20,0,"Excellent ROE (25.2%), Very low debt, Healthy revenue CAGR (13.7%), Strong profit CAGR (39.2%)",41.66666666666667,89.1891891891892,19.0
BERGEPAINT,Berger Paints India Limited,Basic Materials,Specialty Chemicals,491.7,50.795456,8.292716,17.23,9.165,9.48,4.5,9.5,stable,178.12,-63.8,2,48,🟡 HOLD,0,13,20,15,0,"Strong ROE (17.2%), Healthy net margin (9.5%), Very low debt, Strong liquidity position",79.41176470588235,60.0,16.0
BALKRISIND,Balkrishna Industries Limited,Consumer Cyclical,Auto Parts,2130.9,33.139965,3.7601902,0.0,35.269,12.33,3.6,5.5,expanding,2553.63,19.8,1,48,🟡 HOLD,4,6,8,12,0,"Healthy net margin (12.3%), Manageable debt level, Margins expanding, Appears overvalued vs blended intrinsic estimate (~-58%)",33.33333333333333,17.741935483870968,15.0
UNITDSPR,UNITDSPR,Consumer Defensive,Beverages - Wineries & Distilleries,1373.4,56.940296,10.891442,20.03,4.611,14.74,5.6,17.4,expanding,809.26,-41.1,2,48,🟡 HOLD,0,15,8,20,0,"Excellent ROE (20.0%), Healthy net margin (14.7%), High leverage, Strong liquidity position",53.333333333333336,53.333333333333336,6.0
PIDILITIND,Pidilite Industries Limited,Basic Materials,Specialty Chemicals,1568.8,65.50313,14.744223,23.52,3.776,16.77,7.4,24.4,expanding,417.13,-73.4,2,48,🟡 HOLD,0,20,8,20,0,"Excellent ROE (23.5%), High net margin (16.8%), High leverage, Strong liquidity position",95.58823529411765,84.28571428571429,16.0
PIDILITIND,Pidilite Industries Limited,Basic Materials,Specialty Chemicals,1568.8,65.50313,14.744223,23.52,3.776,16.77,7.4,24.4,expanding,417.13,-73.4,2,48,🟡 HOLD,0,20,8,20,0,"Excellent ROE (23.5%), High net margin (16.8%), High leverage, Strong liquidity position",95.58823529411765,84.28571428571429,16.0
BAJFINANCE,Bajaj Finance Limited,Financial Services,Credit Services,1021.3,33.485245,5.570494,17.91,314.833,43.28,22.6,18.2,unknown,547.87,-46.4,1,48,🟡 HOLD,0,18,10,20,0,"Strong ROE (17.9%), High net margin (43.3%), Leverage ratio not directly comparable (financial sector), Strong revenue CAGR (22.6%)",68.18181818181817,75.0,27.0
BRITANNIA,Britannia Industries Limited,Consumer Defensive,Packaged Foods,5315.5,50.5564,25.074415,53.31,26.875,13.23,5.7,3.0,stable,2615.23,-50.8,2,47,🟡 HOLD,0,15,15,12,0,"Excellent ROE (53.3%), Healthy net margin (13.2%), Very low debt, Consistent YoY growth",46.666666666666664,86.66666666666667,7.0
PAGEIND,Page Industries Limited,Consumer Cyclical,Apparel Manufacturing,40395.0,58.974243,29.98557,52.5,18.422,14.56,3.9,10.2,expanding,13060.57,-67.7,2,47,🟡 HOLD,0,15,17,15,0,"Excellent ROE (52.5%), Healthy net margin (14.6%), Very low debt, Strong liquidity position",66.66666666666666,100.0,16.0
GLAND,Gland Pharma Limited,Healthcare,Drug Manufacturers - Specialty & Generic,2465.1,39.625465,3.920281,10.53,2.738,15.97,21.4,9.6,contracting,2175.38,-11.8,2,47,🟡 HOLD,4,15,8,15,0,"High net margin (16.0%), High leverage, Strong liquidity position, Strong revenue CAGR (21.4%)",39.130434782608695,21.73913043478261,13.0
VGUARD,V-Guard Industries Limited,Industrials,Electrical Equipment & Parts,304.0,43.36662,6.0823116,13.79,6.964,5.17,13.1,17.7,stable,209.47,-31.1,2,46,🟡 HOLD,0,4,17,20,0,"Very low debt, Strong liquidity position, Healthy revenue CAGR (13.1%), Strong profit CAGR (17.7%)",52.77777777777778,54.054054054054056,21.0
DIXON,Dixon Technologies (India) Limited,Technology,Consumer Electronics,13651.0,50.564877,15.206216,37.13,18.457,2.94,58.9,77.9,stable,4561.28,-66.6,2,46,🟡 HOLD,0,9,15,22,0,"Excellent ROE (37.1%), Very low debt, Strong revenue CAGR (58.9%), Strong profit CAGR (77.9%)",93.75,87.5,12.0
JSL,Jindal Stainless Limited,Basic Materials,Steel,724.25,18.719309,13.258096,17.41,37.523,7.43,6.5,14.7,expanding,397.77,-45.1,2,46,🟡 HOLD,5,9,11,18,0,"Strong ROE (17.4%), Manageable debt level, Consistent YoY growth, Margins expanding",29.411764705882355,62.857142857142854,19.0
TECHM,Tech Mahindra Limited,Technology,Information Technology Services,1498.7,27.661497,4.4816513,16.61,7.269,8.47,2.2,-0.1,stable,1228.32,-18.0,2,46,🟡 HOLD,5,13,20,8,0,"Strong ROE (16.6%), Healthy net margin (8.5%), Very low debt, Strong liquidity position",50.0,18.75,12.0
ADANIPOWER,Adani Power Limited,Utilities,Utilities - Independent Power Producers,218.97,33.02715,6.502836,20.91,82.332,23.66,12.5,6.2,expanding,124.67,-43.1,1,46,🟡 HOLD,0,20,6,15,0,"Excellent ROE (20.9%), High net margin (23.7%), Healthy revenue CAGR (12.5%), Margins expanding",66.66666666666666,100.0,5.0
EXIDEIND,Exide Industries Limited,Consumer Cyclical,Auto Parts,419.2,41.6286,2.5625665,6.17,11.308,4.75,6.1,1.3,stable,505.14,20.5,2,46,🟡 HOLD,4,0,15,12,0,"Very low debt, Consistent YoY growth, Appears overvalued vs blended intrinsic estimate (~-49%)",48.148148148148145,35.483870967741936,17.0
MPHASIS,Mphasis Limited,Technology,Information Technology Services,2339.2,23.991795,4.154663,18.29,24.383,11.73,4.8,4.4,stable,1929.6,-17.5,2,46,🟡 HOLD,5,13,18,10,0,"Strong ROE (18.3%), Healthy net margin (11.7%), Very low debt, Appears overvalued vs blended intrinsic estimate (~-60%)",43.75,31.25,12.0
LTTS,L&T Technology Services Limited,Technology,Information Technology Services,3508.3,29.107277,5.7452555,19.54,8.911,11.63,7.6,1.8,contracting,2583.83,-26.4,2,46,🟡 HOLD,5,13,20,8,0,"Strong ROE (19.5%), Healthy net margin (11.6%), Very low debt, Strong liquidity position",56.25,43.75,12.0
NAUKRI,Info Edge (India) Limited,Communication Services,Internet Content & Information,1185.95,53.110165,2.027324,4.57,0.64,44.14,11.9,,expanding,659.1,-44.4,2,46,🟡 HOLD,4,11,16,15,0,"High net margin (44.1%), Manageable debt level, Strong liquidity position, Healthy revenue CAGR (11.9%)",85.71428571428571,57.14285714285714,4.0
TORNTPHARM,Torrent Pharmaceuticals Limited,Healthcare,Drug Manufacturers - Specialty & Generic,5017.8,78.207596,20.245146,16.99,85.446,15.47,13.3,20.2,expanding,1502.66,-70.1,2,46,🟡 HOLD,0,18,6,22,0,"Strong ROE (17.0%), High net margin (15.5%), Healthy revenue CAGR (13.3%), Strong profit CAGR (20.2%)",91.30434782608695,65.21739130434783,14.0
COLPAL,Colgate-Palmolive (India) Limited,Consumer Defensive,Household & Personal Products,2011.8,41.216965,34.542084,81.59,2.993,21.96,4.9,8.2,expanding,1163.4,-42.2,2,46,🟡 HOLD,0,20,3,15,0,"Excellent ROE (81.6%), High net margin (22.0%), High leverage, Margins expanding",26.666666666666668,100.0,8.0
VBL,Varun Beverages Limited,Consumer Defensive,Beverages - Non-Alcoholic,464.2,49.3305,8.0185175,0.0,12.705,14.02,17.3,26.6,stable,322.44,-30.5,2,45,🟡 HOLD,0,6,12,22,0,"Healthy net margin (14.0%), Very low debt, Strong revenue CAGR (17.3%), Strong profit CAGR (26.6%)",40.0,13.333333333333334,9.0
360ONE,360 One Wam Limited,Financial Services,Asset Management,1098.6,37.584675,4.5296926,14.39,161.977,27.16,24.0,22.7,contracting,608.84,-44.6,1,45,🟡 HOLD,0,15,10,20,0,"High net margin (27.2%), Leverage ratio not directly comparable (financial sector), Strong revenue CAGR (24.0%), Strong profit CAGR (22.7%)",72.72727272727273,50.0,28.0
FORTIS,Fortis Healthcare Limited,Healthcare,Medical Care Facilities,976.15,70.88962,7.4473195,11.01,34.15,11.41,13.7,21.0,expanding,443.79,-54.5,2,45,🟡 HOLD,5,10,8,22,0,"Attractive PEG ratio, Healthy net margin (11.4%), Manageable debt level, Healthy revenue CAGR (13.7%)",78.26086956521739,26.08695652173913,15.0
ICICIGI,ICICI Lombard General Insurance Company Limited,Financial Services,Insurance - Diversified,1814.6,32.843437,5.62815,17.85,0.057,10.26,14.9,17.0,expanding,980.0,-46.0,1,45,🟡 HOLD,0,13,10,22,0,"Strong ROE (17.9%), Healthy net margin (10.3%), Leverage ratio not directly comparable (financial sector), Healthy revenue CAGR (14.9%)",65.9090909090909,72.72727272727273,28.0
IDFCFIRSTB,IDFC First Bank Limited,Financial Services,Banks - Regional,79.47,42.27128,1.4586737,0.0,,32.78,19.2,-13.5,unknown,110.89,39.5,2,45,🟡 HOLD,7,11,0,12,15,"Trading near/below book value, High net margin (32.8%), Strong revenue CAGR (19.2%), Profit growth declining/negative",77.27272727272727,4.545454545454546,28.0
ASIANPAINT,Asian Paints Limited,Basic Materials,Specialty Chemicals,2670.0,59.12312,11.983465,20.89,17.847,12.15,1.1,1.7,stable,818.68,-69.3,2,45,🟡 HOLD,0,15,20,10,0,"Excellent ROE (20.9%), Healthy net margin (12.2%), Very low debt, Strong liquidity position",91.17647058823529,77.14285714285715,20.0
BHARTIARTL,Bharti Airtel Limited,Communication Services,Telecom Services,1918.3,43.253666,7.5236306,19.36,99.718,12.65,14.9,47.3,expanding,1260.73,-34.3,2,45,🟡 HOLD,0,15,3,22,0,"Strong ROE (19.4%), Healthy net margin (12.7%), Healthy revenue CAGR (14.9%), Strong profit CAGR (47.3%)",71.42857142857143,85.71428571428571,5.0
MOTILALOFS,Motilal Oswal Financial Services Limited,Financial Services,Capital Markets,967.45,31.761328,4.517881,15.55,165.8,23.22,29.1,26.1,contracting,586.48,-39.4,1,44,🟠 WEAK,0,14,10,20,0,"Strong ROE (15.6%), High net margin (23.2%), Leverage ratio not directly comparable (financial sector), Strong revenue CAGR (29.1%)",63.63636363636363,61.36363636363637,31.0
BAJAJFINSV,Bajaj Finserv Ltd.,Financial Services,Financial Conglomerates,1849.6,30.351166,3.790257,14.6,256.404,6.53,22.9,15.2,stable,1247.55,-32.6,1,44,🟠 WEAK,4,8,10,22,0,"Leverage ratio not directly comparable (financial sector), Strong revenue CAGR (22.9%), Strong profit CAGR (15.2%), Consistent YoY growth",59.09090909090909,54.54545454545454,31.0
APLAPOLLO,APL Apollo Tubes Limited,Basic Materials,Steel,1817.2,41.90959,9.527804,25.31,9.396,5.21,12.6,23.3,stable,837.98,-53.9,2,44,🟠 WEAK,0,9,15,20,0,"Excellent ROE (25.3%), Very low debt, Healthy revenue CAGR (12.6%), Strong profit CAGR (23.3%)",64.70588235294117,88.57142857142857,21.0
RADICO,Radico Khaitan Limited,Consumer Defensive,Beverages - Wineries & Distilleries,4090.0,90.94952,16.507977,0.0,20.939,8.84,24.6,40.0,expanding,1645.48,-59.8,2,43,🟠 WEAK,0,6,12,25,0,"Healthy net margin (8.8%), Very low debt, Strong revenue CAGR (24.6%), Strong profit CAGR (40.0%)",100.0,13.333333333333334,10.0
MANKIND,Mankind Pharma Limited,Healthcare,Drug Manufacturers - Specialty & Generic,2543.1,54.90285,6.4407554,12.45,38.111,13.4,17.7,14.3,stable,1629.74,-35.9,2,43,🟠 WEAK,0,12,11,20,0,"Healthy net margin (13.4%), Manageable debt level, Strong revenue CAGR (17.7%), Consistent YoY growth",60.86956521739131,39.130434782608695,16.0
MAXHEALTH,Max Healthcare Institute Limited,Healthcare,Medical Care Facilities,1102.7,74.759315,9.975844,14.33,32.367,17.23,22.4,9.3,stable,506.76,-54.0,1,43,🟠 WEAK,0,15,8,20,0,"High net margin (17.2%), Manageable debt level, Strong revenue CAGR (22.4%), Consistent YoY growth",82.6086956521739,52.17391304347826,16.0
METROPOLIS,Metropolis Healthcare Limited,Healthcare,Diagnostics & Research,571.65,62.339153,7.8172226,13.37,15.212,11.54,12.8,10.0,contracting,320.91,-43.9,2,43,🟠 WEAK,0,10,18,15,0,"Healthy net margin (11.5%), Very low debt, Healthy revenue CAGR (12.8%), Consistent YoY growth",69.56521739130434,47.82608695652174,16.0
ANGELONE,Angel One Limited,Financial Services,Capital Markets,343.4,34.898373,5.112782,15.53,129.314,19.29,20.3,0.9,contracting,186.93,-45.6,1,43,🟠 WEAK,0,18,10,15,0,"Strong ROE (15.5%), High net margin (19.3%), Leverage ratio not directly comparable (financial sector), Strong revenue CAGR (20.3%)",70.45454545454545,59.09090909090909,33.0
TATACONSUM,Tata Consumer Products Limited,Consumer Defensive,Packaged Foods,1085.5,69.62797,5.2842183,6.94,12.159,7.6,13.9,8.6,stable,924.45,-14.8,2,42,🟠 WEAK,5,2,17,18,0,"Attractive PEG ratio, Very low debt, Strong liquidity position, Healthy revenue CAGR (13.9%)",73.33333333333333,26.666666666666668,11.0
CGPOWER,CG Power and Industrial Solutions Limited,Industrials,Electrical Equipment & Parts,929.15,120.98308,18.359383,19.56,1.446,9.71,21.2,7.8,stable,245.03,-73.6,1,42,🟠 WEAK,0,13,11,18,0,"Strong ROE (19.6%), Healthy net margin (9.7%), Strong liquidity position, Strong revenue CAGR (21.2%)",100.0,78.37837837837837,22.0
POLYCAB,Polycab India Limited,Industrials,Electrical Equipment & Parts,9324.5,52.591652,11.690052,24.58,2.558,9.25,26.6,28.1,stable,4717.49,-49.4,2,42,🟠 WEAK,0,15,5,22,0,"Excellent ROE (24.6%), Healthy net margin (9.3%), High leverage, Strong liquidity position",69.44444444444444,86.48648648648648,22.0
ASTRAL,Astral Limited,Industrials,Building Products & Equipment,1359.8,68.09214,9.000768,13.8,6.168,8.17,8.5,5.5,stable,629.13,-53.7,2,42,🟠 WEAK,0,10,17,15,0,"Healthy net margin (8.2%), Very low debt, Strong liquidity position, Healthy revenue CAGR (8.5%)",77.77777777777779,56.75675675675676,22.0
KALYANKJIL,Kalyan Jewellers India Limited,Consumer Cyclical,Luxury Goods,548.1,42.064465,8.961593,24.31,96.966,3.78,36.6,46.1,stable,329.5,-39.9,2,42,🟠 WEAK,0,9,6,22,0,"Excellent ROE (24.3%), Strong revenue CAGR (36.6%), Strong profit CAGR (46.1%), Consistent YoY growth",51.85185185185185,77.41935483870968,18.0
BLUESTARCO,Blue Star Limited,Industrials,Building Products & Equipment,1753.9,68.32489,10.502459,16.22,23.588,4.25,16.2,9.6,stable,813.79,-53.6,1,42,🟠 WEAK,0,7,15,20,0,"Strong ROE (16.2%), Very low debt, Strong revenue CAGR (16.2%), Consistent YoY growth",80.55555555555556,67.56756756756756,22.0
APOLLOHOSP,Apollo Hospitals Enterprise Limited,Healthcare,Medical Care Facilities,8934.0,66.03593,13.547243,21.5,85.146,7.7,15.3,33.3,expanding,3086.72,-65.4,2,42,🟠 WEAK,0,11,6,25,0,"Excellent ROE (21.5%), Strong revenue CAGR (15.3%), Strong profit CAGR (33.3%), Consistent YoY growth",73.91304347826086,86.95652173913044,19.0
HAVELLS,Havells India Limited,Industrials,Electrical Equipment & Parts,1177.4,43.688313,7.810645,18.97,2.801,7.5,9.9,16.4,stable,794.66,-32.5,1,42,🟠 WEAK,5,7,5,20,0,"Attractive PEG ratio, Strong ROE (19.0%), High leverage, Strong liquidity position",55.55555555555556,75.67567567567568,22.0
PIIND,PI Industries Limited,Basic Materials,Agricultural Inputs,2619.3,30.09652,3.5373335,12.35,3.048,19.67,1.3,2.4,stable,1994.03,-23.9,1,40,🟠 WEAK,4,13,8,10,0,"High net margin (19.7%), High leverage, Strong liquidity position, Appears overvalued vs blended intrinsic estimate (~-54%)",52.94117647058824,48.57142857142857,22.0
BHEL,Bharat Heavy Electricals Limited,Industrials,Specialty Industrial Machinery,417.95,90.8587,5.566062,6.29,31.312,4.74,13.5,35.9,expanding,273.74,-34.5,2,40,🟠 WEAK,0,2,16,22,0,"Manageable debt level, Strong liquidity position, Healthy revenue CAGR (13.5%), Strong profit CAGR (35.9%)",88.88888888888889,16.216216216216218,27.0
ZEEL,Zee Entertainment Enterprises Limited,Communication Services,Broadcasting,101.85,36.117023,0.8232698,2.33,2.26,3.37,0.0,78.8,contracting,119.54,17.4,2,40,🟠 WEAK,7,0,8,10,6,"Trading near/below book value, High leverage, Strong liquidity position, Strong profit CAGR (78.8%)",57.14285714285714,28.57142857142857,6.0
AUBANK,AU Small Finance Bank Limited,Financial Services,Banks - Regional,1040.6,29.739923,3.8939364,0.0,,21.37,30.3,22.8,unknown,603.76,-42.0,2,40,🟠 WEAK,9,11,0,20,0,"High net margin (21.4%), Strong revenue CAGR (30.3%), Strong profit CAGR (22.8%), Consistent YoY growth",56.81818181818182,4.545454545454546,34.0
PVRINOX,PVR INOX Limited,Communication Services,Entertainment,1007.0,55.944443,1.3417417,2.44,91.874,5.03,21.2,,expanding,1801.74,78.9,2,40,🟠 WEAK,7,0,3,15,15,"Trading near/below book value, Strong revenue CAGR (21.2%), Margins expanding, Significant estimated undervaluation (~168%)",100.0,42.857142857142854,6.0
HINDUNILVR,Hindustan Unilever Limited,Consumer Defensive,Household & Personal Products,2102.6,46.558903,10.136139,21.6,3.016,23.33,2.3,14.1,stable,1430.89,-31.9,2,40,🟠 WEAK,0,20,3,12,0,"Excellent ROE (21.6%), High net margin (23.3%), High leverage, Appears overvalued vs blended intrinsic estimate (~-75%)",33.33333333333333,60.0,12.0
BHARATFORG,Bharat Forge Limited,Consumer Cyclical,Auto Parts,2100.4,93.475746,10.491822,11.6,76.475,6.42,11.0,26.9,expanding,898.09,-57.2,1,39,🟠 WEAK,0,6,11,22,0,"Manageable debt level, Healthy revenue CAGR (11.0%), Strong profit CAGR (26.9%), Consistent YoY growth",88.88888888888889,51.61290322580645,19.0
NIACL,The New India Assurance Company Limited,Financial Services,Insurance - Diversified,180.05,20.98485,0.76917493,3.42,,2.74,6.9,10.5,stable,366.45,103.5,1,39,🟠 WEAK,12,0,0,12,10,"Trading near/below book value, Modest estimated undervaluation (~18%)",47.72727272727273,13.636363636363635,35.0
BIOCON,Biocon Limited,Healthcare,Biotechnology,434.6,155.2143,2.0351872,1.15,42.145,2.28,15.3,-5.9,contracting,536.15,23.4,1,39,🟠 WEAK,4,2,11,12,0,"Manageable debt level, Strong revenue CAGR (15.3%), Profit growth declining/negative, Consistent YoY growth",100.0,8.695652173913043,20.0
ATUL,Atul Ltd,Basic Materials,Specialty Chemicals,6110.0,26.55021,2.8911963,11.53,2.907,10.81,4.9,9.7,stable,5350.45,-12.4,2,39,🟠 WEAK,9,10,8,12,0,"Healthy net margin (10.8%), High leverage, Strong liquidity position, Appears overvalued vs blended intrinsic estimate (~-32%)",41.17647058823529,45.714285714285715,23.0
SUPREMEIND,The Supreme Industries Limited,Industrials,Building Products & Equipment,3457.8,46.06715,7.119928,16.13,1.473,8.5,6.8,3.3,stable,1925.66,-44.3,2,38,🟠 WEAK,0,13,8,12,0,"Strong ROE (16.1%), Healthy net margin (8.5%), Strong liquidity position, Consistent YoY growth",61.111111111111114,64.86486486486487,28.0
SYNGENE,Syngene International Limited,Healthcare,Diagnostics & Research,420.5,53.29531,3.49238,6.62,9.473,8.47,5.4,-12.0,contracting,371.81,-11.6,2,38,🟠 WEAK,4,8,18,8,0,"Healthy net margin (8.5%), Very low debt, Profit growth declining/negative, Consistent YoY growth",56.52173913043478,13.043478260869565,21.0
GODREJCP,Godrej Consumer Products Limited,Consumer Defensive,Household & Personal Products,1052.7,58.0,8.503712,15.1,34.899,12.26,4.6,3.0,expanding,695.87,-33.9,2,38,🟠 WEAK,0,13,8,12,0,"Strong ROE (15.1%), Healthy net margin (12.3%), Manageable debt level, Margins expanding",60.0,40.0,13.0
UPL,UPL Limited,Basic Materials,Agricultural Inputs,597.3,26.784754,1.4530938,5.61,57.128,3.71,-0.8,-18.6,contracting,734.53,23.0,2,37,🟠 WEAK,12,2,11,2,0,"Trading near/below book value, Manageable debt level, Declining revenue trend (-0.8%), Profit growth declining/negative",45.588235294117645,10.0,24.0
IRCON,Ircon International Limited,Industrials,Engineering & Construction,130.42,20.603476,1.8451396,9.08,85.833,6.57,-4.3,-8.0,stable,270.76,107.6,1,37,🟠 WEAK,9,0,8,2,0,"Strong liquidity position, Declining revenue trend (-4.3%), Profit growth declining/negative, Appears overvalued vs blended intrinsic estimate (~-23%)",16.666666666666664,24.324324324324326,29.0
THERMAX,Thermax Limited,Industrials,Conglomerates,4548.0,71.12919,9.233336,13.69,42.166,6.74,9.8,17.0,expanding,2211.16,-51.4,1,37,🟠 WEAK,0,4,11,22,0,"Manageable debt level, Healthy revenue CAGR (9.8%), Strong profit CAGR (17.0%), Consistent YoY growth",83.33333333333334,48.64864864864865,29.0
COROMANDEL,Coromandel International Limited,Basic Materials,Agricultural Inputs,2056.1,31.016747,4.821761,15.59,11.469,6.21,10.2,-0.9,contracting,1338.02,-34.9,1,37,🟠 WEAK,0,7,17,8,0,"Strong ROE (15.6%), Very low debt, Strong liquidity position, Healthy revenue CAGR (10.2%)",55.88235294117647,57.14285714285714,24.0
ABB,ABB India Limited,Industrials,Specialty Industrial Machinery,7204.5,98.61073,19.4831,0.0,1.082,22.26,15.4,18.0,expanding,1885.76,-73.8,2,37,🟠 WEAK,0,9,3,25,0,"High net margin (22.3%), Strong revenue CAGR (15.4%), Strong profit CAGR (18.0%), Consistent YoY growth",91.66666666666666,5.405405405405405,29.0
UPL,UPL Limited,Basic Materials,Agricultural Inputs,597.3,26.784754,1.4530938,5.61,57.128,3.71,-0.8,-18.6,contracting,734.53,23.0,2,37,🟠 WEAK,12,2,11,2,0,"Trading near/below book value, Manageable debt level, Declining revenue trend (-0.8%), Profit growth declining/negative",45.588235294117645,10.0,24.0
GOKEX,Gokaldas Exports Limited,Consumer Cyclical,Apparel Manufacturing,831.9,63.358723,2.820306,4.72,58.934,2.51,24.5,-16.7,contracting,985.3,18.4,1,37,🟠 WEAK,4,0,11,12,0,"Manageable debt level, Strong revenue CAGR (24.5%), Profit growth declining/negative, Consistent YoY growth",70.37037037037037,25.806451612903224,20.0
TORNTPOWER,Torrent Power Limited,Utilities,Utilities - Independent Power Producers,1441.1,30.073038,3.8068848,13.02,70.885,8.34,4.0,4.5,stable,1071.29,-25.7,1,37,🟠 WEAK,4,10,8,10,0,"Healthy net margin (8.3%), Manageable debt level, Appears overvalued vs blended intrinsic estimate (~-56%)",50.0,66.66666666666666,6.0
ADANIENSOL,Adani Energy Solutions Limited,Utilities,Utilities - Independent Power Producers,1678.0,90.26358,7.9274344,9.66,194.5,8.27,27.7,22.0,expanding,493.52,-70.6,1,36,🟠 WEAK,0,8,3,25,0,"Healthy net margin (8.3%), High leverage, Strong revenue CAGR (27.7%), Strong profit CAGR (22.0%)",91.66666666666666,50.0,7.0
TVSMOTOR,TVS Motor Company Limited,Consumer Cyclical,Auto Manufacturers,3612.3,56.87766,51.374565,31.62,306.09,5.39,20.2,31.5,expanding,1163.69,-67.8,1,36,🟠 WEAK,0,11,0,25,0,"Excellent ROE (31.6%), High leverage, Strong revenue CAGR (20.2%), Strong profit CAGR (31.5%)",62.96296296296296,90.32258064516128,21.0
INDIGO,InterGlobe Aviation Limited,Industrials,Airlines,5171.0,,28.670597,0.0,866.462,3.79,16.6,,expanding,7223.58,39.7,1,35,🟠 WEAK,0,2,0,18,15,"High leverage, Strong revenue CAGR (16.6%), Consistent YoY growth, Margins expanding",,5.405405405405405,32.0
NYKAA,FSN E-Commerce Ventures Limited,Consumer Cyclical,Internet Retail,329.1,463.52115,66.44458,14.34,82.405,1.99,25.1,118.0,expanding,29.85,-90.9,2,35,🟠 WEAK,0,4,6,25,0,"Strong revenue CAGR (25.1%), Strong profit CAGR (118.0%), Consistent YoY growth, Margins expanding",100.0,58.06451612903226,22.0
RATNAMANI,Ratnamani Metals & Tubes Limited,Basic Materials,Steel,2603.6,37.83753,4.436795,13.58,7.488,10.74,0.2,-1.9,contracting,1401.46,-46.2,2,35,🟠 WEAK,0,10,20,5,0,"Healthy net margin (10.7%), Very low debt, Strong liquidity position, Profit growth declining/negative",61.76470588235294,52.85714285714286,27.0
JSWENERGY,JSW Energy Limited,Utilities,Utilities - Independent Power Producers,549.9,43.09561,3.1404195,8.82,229.16,11.85,23.6,14.9,expanding,373.63,-32.1,1,34,🟠 WEAK,4,8,0,22,0,"Healthy net margin (11.8%), High leverage, Strong revenue CAGR (23.6%), Consistent YoY growth",83.33333333333334,33.33333333333333,8.0
LAURUSLABS,Laurus Labs Limited,Healthcare,Drug Manufacturers - Specialty & Generic,1554.3,94.83222,15.833868,17.74,46.369,13.05,3.8,4.0,contracting,502.63,-67.7,1,34,🟠 WEAK,0,15,11,8,0,"Strong ROE (17.7%), Healthy net margin (13.0%), Manageable debt level, Appears overvalued vs blended intrinsic estimate (~-88%)",95.65217391304348,78.26086956521739,22.0
SHREECEM,Shree Cement Limited,Basic Materials,Building Materials,26925.0,55.68194,10.543175,0.0,38.149,14.53,5.7,11.1,expanding,8778.87,-67.4,2,34,🟠 WEAK,5,6,8,15,0,"Attractive PEG ratio, Healthy net margin (14.5%), Manageable debt level, Margins expanding",85.29411764705883,5.714285714285714,28.0
VOLTAS,Voltas Limited,Consumer Cyclical,"Furnishings, Fixtures & Appliances",1377.4,120.71867,7.1478243,5.72,15.51,2.64,14.5,40.7,stable,693.26,-49.7,1,33,🟠 WEAK,0,0,15,18,0,"Very low debt, Healthy revenue CAGR (14.5%), Strong profit CAGR (40.7%), Appears overvalued vs blended intrinsic estimate (~-84%)",92.5925925925926,32.25806451612903,23.0
TATACHEM,Tata Chemicals Limited,Basic Materials,Chemicals,698.4,,0.8390167,-7.68,36.081,-13.0,-4.8,,contracting,2557.72,266.2,0,33,🟠 WEAK,7,0,11,0,0,"Trading near/below book value, Manageable debt level, Declining revenue trend (-4.8%), Insufficient data for intrinsic value estimate",,2.857142857142857,29.0
ADANIGREEN,Adani Green Energy Limited,Utilities,Utilities - Renewable,1555.4,161.5161,13.28153,7.58,346.548,12.72,16.6,19.3,expanding,264.43,-83.0,1,33,🟠 WEAK,0,8,0,25,0,"Healthy net margin (12.7%), High leverage, Strong revenue CAGR (16.6%), Strong profit CAGR (19.3%)",100.0,16.666666666666664,9.0
SRF,SRF Limited,Industrials,Conglomerates,2775.6,44.746094,5.858935,13.76,36.195,11.62,1.8,-5.3,contracting,2135.27,-23.1,1,33,🟠 WEAK,0,12,11,5,0,"Healthy net margin (11.6%), Manageable debt level, Profit growth declining/negative, Appears overvalued vs blended intrinsic estimate (~-71%)",58.333333333333336,51.35135135135135,33.0
UBL,United Breweries Limited,Consumer Defensive,Beverages - Brewers,1357.3,86.78389,7.9348288,9.29,29.076,4.47,8.0,10.8,stable,956.58,-29.5,1,33,🟠 WEAK,0,0,15,18,0,"Very low debt, Healthy revenue CAGR (8.0%), Consistent YoY growth, Appears overvalued vs blended intrinsic estimate (~-82%)",93.33333333333333,33.33333333333333,14.0
JINDALSTEL,Jindal Steel Limited,Basic Materials,Steel,1042.2,31.505438,2.0829751,6.77,43.613,6.33,-6.9,-5.4,stable,1032.97,-0.9,1,33,🟠 WEAK,4,2,11,5,0,"Manageable debt level, Declining revenue trend (-6.9%), Profit growth declining/negative, Appears overvalued vs blended intrinsic estimate (~-41%)",58.82352941176471,20.0,29.0
TITAN,Titan Company Limited,Consumer Cyclical,Luxury Goods,4579.4,80.101456,25.8906,37.13,195.001,5.79,29.2,16.0,contracting,1334.95,-70.8,2,32,🟠 WEAK,0,9,3,20,0,"Excellent ROE (37.1%), High leverage, Strong revenue CAGR (29.2%), Strong profit CAGR (16.0%)",81.48148148148148,96.7741935483871,24.0
RELIANCE,Reliance Industries Limited,Energy,Oil & Gas Refining & Marketing,1295.5,21.685637,1.9392407,9.14,36.653,7.64,6.4,6.6,stable,871.5,-32.7,2,32,🟠 WEAK,14,0,11,12,0,"Attractive PEG ratio, Manageable debt level, Consistent YoY growth, Appears overvalued vs blended intrinsic estimate (~-35%)",85.71428571428571,14.285714285714285,5.0
POLICYBZR,PB Fintech Limited,Financial Services,Insurance Brokers,1610.8,111.70596,10.181084,9.74,4.922,9.86,38.5,,expanding,347.13,-78.4,1,32,🟠 WEAK,0,4,10,18,0,"Healthy net margin (9.9%), Leverage ratio not directly comparable (financial sector), Strong revenue CAGR (38.5%), Consistent YoY growth",97.72727272727273,18.181818181818183,36.0
MFSL,Max Financial Services Limited,Financial Services,Insurance - Life,1611.1,665.7438,20.21481,1.63,12.673,0.18,15.0,-39.5,stable,1995.73,23.9,2,32,🟠 WEAK,0,0,10,12,15,"Leverage ratio not directly comparable (financial sector), Strong revenue CAGR (15.0%), Profit growth declining/negative, Significant estimated undervaluation (~139%)",100.0,11.363636363636363,36.0
NHPC,NHPC Limited,Utilities,Utilities - Renewable,79.09,28.552345,1.9220394,9.02,113.111,32.42,3.5,-1.2,contracting,84.73,7.1,1,32,🟠 WEAK,9,9,3,5,0,"High net margin (32.4%), Profit growth declining/negative, Appears overvalued vs blended intrinsic estimate (~-36%)",41.66666666666667,41.66666666666667,10.0
LINDEINDIA,Linde India Limited,Basic Materials,Specialty Chemicals,7028.0,109.06269,14.049734,13.58,,21.69,0.3,7.8,expanding,1413.91,-79.9,1,32,🟠 WEAK,5,15,0,12,0,"Attractive PEG ratio, High net margin (21.7%), Margins expanding, Appears overvalued vs blended intrinsic estimate (~-88%)",100.0,52.85714285714286,31.0
ICICIPRULI,ICICI Prudential Life Insurance Company Limited,Financial Services,Insurance - Life,525.15,47.567936,5.5834355,12.58,19.037,2.55,8.5,25.5,stable,232.97,-55.6,1,31,🟠 WEAK,0,6,10,15,0,"Leverage ratio not directly comparable (financial sector), Healthy revenue CAGR (8.5%), Strong profit CAGR (25.5%), Appears overvalued vs blended intrinsic estimate (~-71%)",79.54545454545455,34.090909090909086,38.0
CERA,Cera Sanitaryware Limited,Industrials,Building Products & Equipment,6107.0,38.57621,5.3496737,14.47,3.172,9.95,4.1,-0.8,contracting,4672.89,-23.5,2,31,🟠 WEAK,0,10,8,8,0,"Healthy net margin (10.0%), High leverage, Strong liquidity position, Profit growth declining/negative",47.22222222222222,59.45945945945946,34.0
BANDHANBNK,Bandhan Bank Limited,Financial Services,Banks - Regional,216.52,28.52701,1.3620694,4.88,,12.97,5.0,-17.7,unknown,215.69,-0.4,2,31,🟠 WEAK,12,8,0,5,0,"Trading near/below book value, Healthy net margin (13.0%), Profit growth declining/negative, Appears overvalued vs blended intrinsic estimate (~-50%)",52.27272727272727,15.909090909090908,38.0
CROMPTON,Crompton Greaves Consumer Electricals Limited,Consumer Cyclical,"Furnishings, Fixtures & Appliances",259.55,,5.6341844,-6.34,5.797,-2.99,5.6,,stable,251.15,-3.2,1,31,🟠 WEAK,0,0,15,10,0,"Very low debt, Consistent YoY growth, Appears overvalued vs blended intrinsic estimate (~-33%)",,6.451612903225806,25.0
BDL,Bharat Dynamics Limited,Industrials,Aerospace & Defense,1271.2,110.53912,10.979159,10.19,0.007,17.21,-0.9,6.1,contracting,409.62,-67.8,2,30,🟠 WEAK,0,11,17,2,0,"High net margin (17.2%), Very low debt, Strong liquidity position, Declining revenue trend (-0.9%)",94.44444444444444,37.83783783783784,35.0
TATASTEEL,Tata Steel Limited,Basic Materials,Steel,185.26,21.442127,2.2636297,11.16,89.017,4.65,-1.6,7.2,stable,187.98,1.5,2,30,🟠 WEAK,9,4,3,5,0,"Declining revenue trend (-1.6%), Appears overvalued vs blended intrinsic estimate (~-32%)",35.294117647058826,42.857142857142854,32.0
ABFRL,Aditya Birla Fashion and Retail Limited,Consumer Cyclical,Apparel Manufacturing,59.26,,1.2345061,-12.69,98.822,-9.49,-12.9,,contracting,343.12,479.0,0,30,🟠 WEAK,7,0,6,2,0,"Trading near/below book value, Declining revenue trend (-12.9%), Insufficient data for intrinsic value estimate",,3.225806451612903,26.0
DMART,Avenue Supermarts Limited,Consumer Defensive,Discount Stores,3929.3,83.61992,10.451712,0.0,9.913,4.29,17.2,7.7,stable,2372.25,-39.6,1,30,🟠 WEAK,0,0,12,18,0,"Very low debt, Strong revenue CAGR (17.2%), Consistent YoY growth, Appears overvalued vs blended intrinsic estimate (~-84%)",86.66666666666667,13.333333333333334,15.0
HDFCLIFE,HDFC Life Insurance Company Limited,Financial Services,Insurance - Life,568.75,64.04842,6.9143047,11.28,27.554,1.92,9.3,11.8,stable,195.46,-65.6,1,29,🔴 AVOID,0,4,10,15,0,"Leverage ratio not directly comparable (financial sector), Healthy revenue CAGR (9.3%), Appears overvalued vs blended intrinsic estimate (~-78%)",88.63636363636364,25.0,40.0
ADANIENT,Adani Enterprises Limited,Energy,Thermal Coal,3150.6,42.772194,5.032658,13.66,119.56,9.3,-7.7,55.9,expanding,952.21,-69.8,1,29,🔴 AVOID,0,8,6,15,0,"Healthy net margin (9.3%), Declining revenue trend (-7.7%), Strong profit CAGR (55.9%), Margins expanding",100.0,42.857142857142854,6.0
SJVN,SJVN Limited,Utilities,Utilities - Renewable,70.03,42.96319,1.9341563,4.51,226.528,14.18,17.1,-22.1,contracting,63.43,-9.4,1,28,🔴 AVOID,4,8,0,10,0,"Healthy net margin (14.2%), High leverage, Strong revenue CAGR (17.1%), Profit growth declining/negative",75.0,8.333333333333332,11.0
GRASIM,Grasim Industries Limited,Basic Materials,Building Materials,3086.1,42.182884,2.0225728,6.29,134.138,2.83,14.6,-10.1,stable,2792.36,-9.5,1,27,🔴 AVOID,4,2,3,12,0,"Healthy revenue CAGR (14.6%), Profit growth declining/negative, Consistent YoY growth, Appears overvalued vs blended intrinsic estimate (~-49%)",70.58823529411765,17.142857142857142,33.0
SCHAEFFLER,Schaeffler India Limited,Consumer Cyclical,Auto Parts,4119.3,52.93369,10.645918,0.0,0.904,12.03,12.3,9.4,stable,2020.57,-50.9,2,27,🔴 AVOID,0,6,3,18,0,"Healthy net margin (12.0%), Healthy revenue CAGR (12.3%), Consistent YoY growth, Appears overvalued vs blended intrinsic estimate (~-75%)",59.25925925925925,17.741935483870968,27.0
TATAPOWER,The Tata Power Company Limited,Utilities,Utilities - Independent Power Producers,380.9,32.527752,3.083137,11.34,168.051,6.0,4.1,3.9,expanding,299.27,-21.4,1,27,🔴 AVOID,4,6,0,12,0,"High leverage, Margins expanding, Appears overvalued vs blended intrinsic estimate (~-53%)",58.333333333333336,58.333333333333336,12.0
DEEPAKNTR,Deepak Nitrite Limited,Basic Materials,Chemicals,1697.0,42.004948,3.968421,9.75,27.903,6.98,-0.5,-13.5,contracting,1033.07,-39.1,1,26,🔴 AVOID,4,2,20,0,0,"Very low debt, Strong liquidity position, Declining revenue trend (-0.5%), Profit growth declining/negative",67.64705882352942,31.428571428571427,34.0
SIEMENS,Siemens Limited,Industrials,Specialty Industrial Machinery,3571.8,75.37033,9.183965,0.0,2.213,9.46,3.0,10.9,stable,1695.76,-52.5,1,24,🔴 AVOID,0,4,8,12,0,"Healthy net margin (9.5%), High leverage, Strong liquidity position, Appears overvalued vs blended intrinsic estimate (~-82%)",86.11111111111111,5.405405405405405,36.0
JUBLFOOD,Jubilant FoodWorks Limited,Consumer Cyclical,Restaurants,429.05,75.40421,12.337531,16.89,2.655,4.5,22.8,6.7,contracting,234.09,-45.4,2,22,🔴 AVOID,0,7,0,15,0,"Strong ROE (16.9%), High leverage, Strong revenue CAGR (22.8%), Consistent YoY growth",77.77777777777779,64.51612903225806,28.0
UTIAMC,UTI Asset Management Company Limited,Financial Services,Asset Management,968.75,30.80286,2.7642398,9.78,3.129,23.8,,,unknown,774.81,-20.0,2,21,🔴 AVOID,4,7,10,0,0,"High net margin (23.8%), Leverage ratio not directly comparable (financial sector), Appears overvalued vs blended intrinsic estimate (~-33%)",61.36363636363637,20.454545454545457,41.0
SANOFI,Sanofi India Limited,Healthcare,Drug Manufacturers - General,3377.0,25.109673,10.380995,0.0,2.376,17.46,-12.6,-19.3,stable,2562.31,-24.1,2,21,🔴 AVOID,5,11,0,2,0,"High net margin (17.5%), High leverage, Declining revenue trend (-12.6%), Profit growth declining/negative",13.043478260869565,4.3478260869565215,23.0
PAYTM,One97 Communications Limited,Technology,Software - Infrastructure,1368.0,159.81308,5.472635,3.56,1.073,6.55,2.2,,expanding,607.07,-55.6,1,21,🔴 AVOID,0,0,11,10,0,"Strong liquidity position, Margins expanding, Appears overvalued vs blended intrinsic estimate (~-84%)",100.0,6.25,16.0
SBILIFE,SBI Life Insurance Company Limited,Financial Services,Insurance - Life,1866.4,75.685326,9.811075,13.7,,2.2,11.7,12.8,stable,495.87,-73.4,1,20,🔴 AVOID,0,8,0,12,0,"Healthy revenue CAGR (11.7%), Appears overvalued vs blended intrinsic estimate (~-83%)",93.18181818181817,45.45454545454545,42.0
GMDCLTD,Gujarat Mineral Development Corporation Limited,Energy,Thermal Coal,596.1,19.83034,2.681668,14.19,4.475,36.06,-8.8,-7.4,contracting,357.82,-40.0,1,20,🔴 AVOID,9,11,5,0,0,"High net margin (36.1%), High leverage, Strong liquidity position, Declining revenue trend (-8.8%)",71.42857142857143,57.14285714285714,7.0
SAPPHIRE,Sapphire Foods India Limited,Consumer Cyclical,Restaurants,182.06,,4.207631,-2.3,102.058,-1.02,11.3,,contracting,193.49,6.3,1,19,🔴 AVOID,0,0,3,10,0,"Healthy revenue CAGR (11.3%), Consistent YoY growth, Appears overvalued vs blended intrinsic estimate (~-57%)",,12.903225806451612,29.0
RVNL,Rail Vikas Nigam Limited,Industrials,Engineering & Construction,226.97,53.912113,4.803293,8.98,49.078,4.29,0.2,-13.3,contracting,180.65,-20.4,1,18,🔴 AVOID,0,0,13,5,0,"Manageable debt level, Strong liquidity position, Profit growth declining/negative, Appears overvalued vs blended intrinsic estimate (~-70%)",72.22222222222221,21.62162162162162,37.0
AARTIIND,Aarti Industries Limited,Basic Materials,Specialty Chemicals,500.7,43.388218,3.0393164,7.25,83.392,5.06,8.5,-8.4,contracting,298.67,-40.3,2,15,🔴 AVOID,4,0,3,8,0,"Healthy revenue CAGR (8.5%), Profit growth declining/negative, Appears overvalued vs blended intrinsic estimate (~-64%)",76.47058823529412,22.857142857142858,35.0
INDUSINDBK,IndusInd Bank Limited,Financial Services,Banks - Regional,1009.7,88.80387,1.1960549,1.36,,5.16,-0.3,-50.7,unknown,825.0,-18.3,2,14,🔴 AVOID,12,2,0,0,0,"Trading near/below book value, Attractive PEG ratio, Declining revenue trend (-0.3%), Profit growth declining/negative",95.45454545454545,9.090909090909092,43.0
DEVYANI,Devyani International Limited,Consumer Cyclical,Restaurants,111.03,,9.040059,-2.59,203.327,-0.69,23.6,,contracting,83.17,-25.1,1,12,🔴 AVOID,0,0,0,12,0,"High leverage, Strong revenue CAGR (23.6%), Consistent YoY growth, Appears overvalued vs blended intrinsic estimate (~-29%)",,9.67741935483871,30.0
STARHEALTH,Star Health and Allied Insurance Company Limited,Financial Services,Insurance - Life,595.55,62.689472,4.606026,0.0,,3.12,13.3,-3.4,contracting,258.35,-56.6,1,10,🔴 AVOID,0,0,0,10,0,"Healthy revenue CAGR (13.3%), Profit growth declining/negative, Consistent YoY growth, Appears overvalued vs blended intrinsic estimate (~-72%)",86.36363636363636,4.545454545454546,44.0
WESTLIFE,Westlife Foodworld Limited,Consumer Cyclical,Restaurants,475.65,229.78261,11.884713,5.29,291.521,1.24,4.8,-33.8,contracting,138.77,-70.8,1,8,🔴 AVOID,0,0,0,8,0,"High leverage, Profit growth declining/negative, Consistent YoY growth, Appears overvalued vs blended intrinsic estimate (~-91%)",96.29629629629629,29.03225806451613,31.0
